feature,importance,std
mention_count,0.06579642683806908,0.040521704396731736
hashtag_count,0.051949448077045136,0.02442000764338753
content_type,0.05159120989611399,0.0225427887866004
caption_length,0.03208416177023095,0.013315924468710365
word_count,0.0069945631397475335,0.004746488605604308
day_sin,0.0022162672714351574,0.0022540741532286086
hour_cos,0.0011853343435459518,0.00451628895655688
question_count,0.0,0.0
hour_sin,-0.0005709092377846669,0.008141666727722562
exclamation_count,-0.001856751364171272,0.0010762661235958933
day_cos,-0.0019455795181231306,0.004210098409467142
