post_id,account_id,split
3613124166677611077,1483419266,test
3622697422195669120,7826903322,calibration
3397330372583987295,52607212719,test
3646815329094810225,9135688624,calibration
3063540170138476339,13825440495,test
3576171183637390678,611997118,calibration
3632360255364005708,274069382,calibration
3610626031985522500,68931611922,train
3707664782202138526,1396161011,train
3613006396728983673,1241435266,calibration
3689861645994514849,6114631237,train
3753282655824125739,3986566137,train
3570060681686769356,2242129302,calibration
3027381731450797472,31998876609,train
3494059650604300019,39925576,train
3452947923994733115,13206720237,train
3426683892527308050,39673764,calibration
3763314205761055188,37067894222,test
3590895863590792492,2961946387,calibration
3656399671912853783,37952159214,calibration
3349092499100081445,57901285531,train
3577104266156073179,7359015919,train
3601359034034914273,11491794,train
3333848904260798350,60320470690,train
3230285075773543666,40343231470,train
3516232390715149602,70390332216,test
3622971960214579467,49903913675,test
3649576206922011370,5907636202,calibration
3639385466259707609,2281611795,calibration
3632657861316284779,365842972,train
3654097738947535813,1703880196,train
1911458517433342044,2010346761,train
3426868782398308032,53816672,train
3445900914084659786,34850182223,train
3667725599118167512,3450935393,calibration
3694994279966739166,2273281723,train
3556778006230709521,4156857758,train
3647556068609430463,2200631288,train
3347977291647290085,3599987718,calibration
3167622269547779475,222066304,train
3566988731573017638,1706495849,train
3392816505941397509,755033214,train
3517585146801736061,503550465,test
3653320996573315697,1502810581,train
2262610621198907939,16494257632,test
3156307895434454943,6196088736,train
3335994906813923215,2241860689,train
3666624347612425104,52285421493,train
3630121241298556307,1340659515,calibration
3591531890982912262,4258781426,train
3730971606089852607,31034446625,train
3520426991738822156,247058924,calibration
3614499782066359194,13611005,test
3049960647702552069,57756411936,train
3599491993881849499,3853423268,calibration
3595941852106190826,7459283137,calibration
3629453560252665169,5955796749,calibration
2729379253230516930,218659080,train
3720353549319447257,3984432397,train
3488863830141073727,8962757882,train
3639815361885789934,298799991,test
3168491311321330208,45203403304,calibration
3630132455929434123,6963847115,test
2881649100701662723,3049995071,train
3421941218329267045,62575506378,train
3225057560699765735,2286226360,train
3584666174724239329,3439931717,train
3622422903170520958,25604778677,test
3007722958833325987,1166997808,train
1143740887703740436,199872807,test
2930568979471747094,4049560839,calibration
3537870460494804819,10643091539,test
3582414452161288962,21243085074,train
3063460951887794350,33883994910,train
973974635070873664,492807295,test
1649948538308964624,2205741782,train
3671663798784560433,322491927,train
3673690004140942878,1818793862,test
3658412723872585146,1089440084,calibration
3612514998881997579,331520854,test
3662796476766182351,1648505559,train
3633751595030459932,4720983893,train
2658742934040441932,1900659755,train
3627560945331156744,7521869385,test
3654514335017097588,46767530035,calibration
3656455242754932882,6775681434,train
3777679879539183551,2177050556,calibration
3613695100825033279,1491908799,train
3606474305204133244,1739359211,train
3201264344788484829,3640785109,train
3648493828229192019,1356684696,train
3129106551963397517,21399665765,calibration
2194334972238685585,13779839902,train
3774397555128914258,77309437830,calibration
3651117414218408305,176307811,calibration
3765151688643403739,192359815,train
3449080983846299729,4792789723,train
3630504189365042614,820731411,train
3620570743670147377,50386458,train
2242225771963179484,180638777,test
3437884301799612869,48083616772,train
3694261179853614094,4206668662,train
3647890273057741754,6283540867,train
3335275142127335806,13362496867,train
3560576032211457827,12404018207,train
3382313866921143715,4242347521,train
3552342160223065735,1957780469,test
3599203309778776714,1264564623,train
3588808779656025123,16853269255,test
3603489771093429407,1700718630,train
3431107470388440680,44168757448,test
3618506820970572253,40431442,train
3662039354151589782,4788444428,test
3588633412936703369,4299289951,test
3648658575992654174,4637651475,train
3652109806086721196,36983249815,test
3635016087869448163,294255102,train
3789642524240542898,2088235961,test
3458368907822667815,1958703705,test
3787936993389670138,73831506478,train
3748748206462172956,3620260978,calibration
3596058918283245765,39715031168,train
1775496147169551062,7657273454,calibration
3621526422214389309,2263235080,test
3606601581552623370,12399613178,train
2743297710578915496,1563339520,train
3718534538377450923,1827280935,train
3536816056599457916,1224849798,train
3652154864546738073,2267014788,test
3613675046994679965,15849622,calibration
3599296239395135983,200576984,train
3327805289474492245,194245,test
3758846211798155735,3521669945,calibration
3636088306001144557,11678534726,train
3264268912688436818,7198652836,train
2466810267993222957,39187525090,train
3444670815751625462,25032224235,calibration
3423978352161580592,1196971401,test
3558059538522114035,38182856,test
2999012833225333891,28744963327,test
3478032173975582282,527985107,train
1973640353429041585,7355841139,test
3169479558289694193,1692351275,train
3621162958534044032,22565971278,train
3627499490046834473,2091440654,train
3211330203032367481,3675216596,test
3706848015544023175,526577491,train
3740296444575318929,1575178310,train
3102854865331499203,1918493836,train
3473976598409807232,4923045690,calibration
3646554939966330079,886543709,test
2562636857063390951,40043564890,train
3628903311248362189,3736842734,train
3664526155820228050,62939656701,calibration
3630594048528574179,47912954040,calibration
3583715737399340932,3072787472,calibration
3583095427983720288,5703000875,test
3639035248194873164,60597262525,train
3633778808000546306,5407761095,calibration
3105127356779336862,302382872,train
2760474356061007879,11287450734,train
3060070065444643403,19788230803,train
2720600672440515189,2029247370,test
3628825725213279503,9958847098,train
2982049832593400991,1109428285,train
3636460304814891084,45443849424,train
3395134211490889553,49057343196,train
3364473637071202755,3958573679,train
3624820275105600797,12751218430,calibration
3624544639065482870,11353180657,train
419463730156398351,12577168,test
3651226883312722835,5681434528,test
3601425442784397863,6261575,train
2477605403339233053,7570044352,test
3785123581966661267,78438480096,calibration
3730538024267512430,3974986796,calibration
3620315985713567950,6309068892,train
2464736096140082509,30380795803,calibration
3491095280332915724,50312274965,train
3648443873497844003,2094617458,train
3489877732157813189,6064260739,train
3414066820723462571,64058979146,train
3424026113347641005,635456678,train
2431281678091817436,682246434,train
3656435517826144166,5575080313,test
3541648821694657892,16241598030,calibration
3695065037804432284,4771013472,calibration
3555719810116354709,8280895,test
3637451358120107735,36175655,test
3704536687196241145,2475225590,train
1664052437738220623,5587094654,calibration
3634354205784125241,1785074931,calibration
2375685155219969522,4485758524,train
3572908930950496989,476256616,train
3682366124272550722,2410235212,train
3689030348285835217,2214689013,test
3637717826074397928,270245106,train
3435290461047158210,50806425550,test
3605781440761798090,1114313811,train
3628164409048400798,7692198545,test
3388495618216937723,49230901763,test
3611500453997977822,48372204953,train
3774881507849658473,1796078596,train
2468551036040965595,14349415,train
1477700378878541617,338805106,calibration
3645848551789527860,8063784715,calibration
3513370655699418352,8568744210,train
3769274178927682071,14801027293,train
3611501595041456981,3192399287,train
1393005626029211423,1505164317,train
3643184023561214210,20930533,calibration
3724392655892986671,49575297510,test
3217030253133509155,1213847310,train
3486651116315564444,25387498506,train
3487216470041343884,330958525,calibration
3659870394021876804,44295841392,train
3421850023513279980,62806463075,train
3441020622262419730,3444790698,calibration
3676742180632294695,8722123846,train
3531682730966830784,222495114,test
3736800838129270004,4374640050,calibration
3581686564675114227,1926768413,train
3640955012942814202,556635500,train
3640352905624266110,517381848,train
3623795622558261910,352658876,train
3545030301942340842,18837670,calibration
3577072645131197874,8515773908,train
3637383967511620561,722118924,calibration
3714367106696999542,9418460217,train
3720451625560682363,4250830867,calibration
2899465574963755680,53170052460,test
3611439643570241392,10608729418,train
3596867454709760892,2634218189,train
3565251625634231374,7436164604,test
3645211611946385835,8181880901,calibration
3655716548355539970,3542606811,test
3537772945432904636,381375582,train
3724227280182097583,20741436153,test
3641453503884409909,632957740,train
3618897488745053887,1467912740,calibration
867944123016429313,19769622,train
3593745010677996776,2297967441,train
3448483649298769953,38252648403,calibration
3579504353758159141,6780092105,test
3619922241065188942,13454631863,train
3297755714310696176,64819496047,calibration
3606296924723088243,45561883398,test
3700311737277588761,18994992319,train
3627173003025431043,1748508963,calibration
3615352973577333694,15648192864,calibration
3602441372393626892,1956097700,calibration
3627676398399206204,1384658066,train
3649901074590481316,21338206,train
3625869046163275298,1539305537,train
3451010509865393420,8925028418,train
3636045649533142152,4151796237,train
3585438390322399216,180246511,train
2302487904712381492,203329254,test
3387135754739013167,66943802760,train
2924085762675580189,9472059046,test
3686330939539804632,11826864788,train
3356993677166958713,5740936285,train
3599032456833558627,8342999045,test
3650005690758147499,12402809290,train
3528368749024785557,641367302,train
3736716921111679811,4014632544,train
3764595389363373248,3416512725,test
3586301615042955635,35793534959,test
3609285739925243356,34212674355,calibration
3630342766871829047,176722013,train
3541121931211526611,1080979607,train
3576434112971354953,348632344,train
3600984400721278669,31956766,train
3663617343884385222,1636883269,train
3134175428269070534,366901005,train
3004084251267326056,1562701195,calibration
3365462624055447941,8634237002,train
831875361078968101,499440190,train
3664515130890071775,8476067530,calibration
3358257348002605276,17937342134,calibration
3397797560114106698,67689649042,test
3758183388352911705,2201800316,test
3485831277095900485,3060987736,test
3194984855448197304,5587069274,test
3435595094894953297,54203926997,train
2631250756366067101,43136758514,train
3711898184299167570,54371291691,calibration
3316162597404566115,8634635232,train
3619549631480816080,8226256672,train
3171411239107694316,58524555030,calibration
3600183192564782931,41672544448,calibration
3664123648831186097,63851856813,train
3556066695254193120,71940866847,train
3601373391371466195,54035341300,test
2232759351106158062,1942345722,train
2832806003163031815,22137934510,train
3664215688251322452,6989231845,train
3583919493556438509,5808258239,train
3624421007823624547,11286359027,train
3751205265430788637,1493311999,train
3781215769314073121,50030361069,calibration
3708559325608985387,181581225,train
3612732185647831183,8374550029,train
3465003838568430930,1210321922,test
3635749333157116249,6113676668,train
2996324277899100968,4565055391,test
3672456642399153525,10428615318,train
3626371354107816672,44104582347,train
3744429592594095580,48784592477,calibration
3729581971727984225,3482353286,test
3658358444469739820,8509877614,train
3371373197985443026,1375933263,train
3529201374280361552,6270203345,train
3386752876221352965,62822929261,test
3281375196600989116,1641877676,calibration
3733078216136214391,2130365671,train
3029293934434936288,4389424218,test
2761338430577278890,2225886774,train
2939674663040540078,1396728282,calibration
2704921363120151802,4391422427,train
3690558765038603750,7531970653,train
3152416634822904587,47404620287,train
2588764591643639629,43076076188,train
3462044691833065945,15243435039,test
3604053826908045326,19470411643,train
2415666575452841365,2785701,train
3642411286933277638,5260,test
1192112645598593445,146182543,train
3573237943104839695,6167983358,test
3429449310074766127,26323439,train
2916576040303208470,51000987716,train
3389664252926174085,38723885139,train
2197396935954748268,1546150153,train
3434629219689932166,14418256,calibration
3571416210044424439,12830294473,test
3646284904108276969,1761816794,train
3464957473491364972,4530395469,train
3727992517032764351,13429752,train
3419784044320595349,58418713580,train
2689846341049292098,32983569891,train
3556259906539389255,6861647363,train
3585925406764073745,18777864623,calibration
3641106208560659614,1575814224,test
3340382852811515574,45910124674,train
3606974398350869876,5576254864,calibration
3530952934436979493,906393263,train
2831387584736591813,53142242856,train
3666440950714632880,8484010029,calibration
3662912436235757271,53354295044,train
3211870538463337196,54148396374,train
3735251391792045061,28158267368,train
3637209938465885155,2199270406,train
3412745678155262030,3665913298,train
3664634343462436686,947029183,train
3657031757283636345,3277846560,calibration
3617759693927884072,4154594553,train
3090940870690484156,48150992742,train
3602168351263913263,791548738,test
3128460794830876239,46842408005,train
3620334188962257637,15234373412,train
3617105318280908431,9247315771,train
3780771822963544033,1086660776,calibration
3378019064385547503,54797229441,train
3681378261168357561,268841829,test
3685934506356100202,5868179415,train
3652078548441029195,58243376940,calibration
3641360837441930534,6947462653,test
3641826044400081346,325800075,train
3452420711754044988,13284579121,train
3577760830925662361,2273796228,calibration
3379598366684172844,44245604535,train
3644706618509607383,28206342102,train
3524363670094705216,63000837113,test
3347942797153731202,20573210,train
2542534508218411513,46644275445,test
3711316308773462742,303584519,train
3618591311314268854,7374466838,calibration
3698612797867890534,11170668354,train
3488035486189753335,7649783508,train
2448651446795665289,181608645,train
3461325702191305945,62736462429,train
3727739033540820868,2332921424,train
3619255579802923437,6194477765,train
3658657851490403889,7010602166,train
3617912824097258121,8978012449,test
3694516494244028030,6254168834,test
3602313177191357656,1933709406,train
3646359528519037370,1978639341,train
1185905291502542510,1587804342,train
3729050129543224796,45501434271,train
3640409496947517140,428372954,calibration
3677979077526770427,1171178497,calibration
3199759169523043235,3236922267,test
2849137791562783349,48532801966,test
3581691905291223528,19393132588,train
3027005774887576707,28193861569,train
3649919361114004686,1579165025,train
3589596245191859015,1609538,train
3618606106027179699,4890454062,test
3346026955803293050,49088809689,train
3410333946117394150,5791852274,calibration
3602011149412360137,253993332,test
3643436870954268355,321971393,train
3631783735419598460,583941747,train
2324666135327670281,35319825679,train
3188426262700204051,57134145783,test
3579416815623543215,40734424017,calibration
3414892403464766898,1564479237,train
3644199399228659809,4476193180,test
3641097116592963552,18426936642,train
3072555837625653317,45264444994,train
3166387279593927045,20824486,train
3642467872040050852,6284695650,train
3641917742254444566,352837931,train
3774493107045027573,12992325,train
3615116110167148264,2995641563,train
3605680310660107897,1457917041,train
3420630881033187311,65178397715,train
2653743579972014165,48069582589,train
3622255310869563852,64711561706,train
1808644587468645904,1688144328,train
3656595815452709217,257720505,test
2232118085729148977,178968172,calibration
3601240650977876457,6942805633,calibration
3617561037923223392,1900130889,calibration
3631183436003797206,1335451827,test
3599628423468148418,8728818744,calibration
3599552448995787808,1935855585,train
3602799998354632283,3968760455,test
3392457705018934340,303293393,train
3595303585253276494,2536510092,train
3262651176681968973,51809508565,train
3603720125162669305,2377030638,train
2821347192906369728,3486733198,test
3335205896778570871,23561211572,test
3455390540306902223,3615711395,train
3567705949721614231,28690618842,train
3577996917384292714,4910159305,train
3655454725545064456,1522995548,train
2379988245732877946,6345644076,test
3648372948421383405,16504447644,test
3771165720240679697,44409314442,train
3596069331483385274,6975319007,train
3384655262982208037,6681802831,train
3576293674493019922,32299933975,train
2893881945277880864,24591519,train
3638952195193345006,2342770052,train
3440677838060359113,474441728,test
3367455679361882079,66141627163,train
2846825235812588272,4784798160,calibration
3524255272183750952,2035218811,test
3698973717636554531,724219133,test
3622204304107476747,190570472,train
3565500580879021712,378715757,calibration
1518548465504156706,5430369549,train
2676711495948997688,45392906038,test
3689346997938708297,225029348,calibration
3576893179869458338,1440280329,test
3713308962037711284,8008548807,train
1301894501878704328,3474767366,train
3239239734264067924,8923671693,calibration
2060793528203797199,8888575368,test
3591667916995910945,4566150590,test
3588803132847663962,502034817,calibration
3484370972199794388,2032590674,test
3642145826022513722,16168898145,train
3132982600288895587,22250825284,calibration
3541416165152578179,54843573629,test
3406329876970505776,64577183038,calibration
3654884857625803982,1359255055,test
3618765499048911298,8191766984,test
3375172520905601837,56740875534,train
3586779003706017696,1616752709,train
3632314393804669582,6876783485,train
2683115039929795206,306253996,test
3408827922259940140,21483989069,calibration
3640326126518213231,7514634626,train
2811319014138225202,44714538046,calibration
3654021831423603130,8558263305,train
3613433527668294592,8049588404,calibration
3438272877341433438,10379061202,train
3682488268066516659,71682702418,train
3647863327447786276,1946700884,train
3414262010010322716,27773381729,train
3105817272845543459,1826092846,train
3607175602838273652,1836235966,test
3657311656752685437,1419977281,test
3604276039473075353,6745489217,train
3562791577703490582,5796077031,calibration
2784949528699134774,1422907345,train
3539982437078703081,13404151,train
3395589505588595331,17382557862,train
2145540085818610930,12156294129,train
3635249587270251499,597561825,train
3699092452450490398,339254572,train
3675062754222634066,5597427844,train
1703038727906753005,3229187500,train
3591890394285147009,175720652,calibration
3333089305066831847,54366052147,calibration
3667844893927635317,13426344,train
3652562433614577362,10322989816,test
3567618865233240119,3272221784,train
3638728072334568991,4713071193,train
3609777728977093965,44076389922,calibration
2929383971383034862,43617578,train
3690373321141837344,3976028072,train
2231505153571565149,21184441,train
3382985012189412113,6875273560,train
3628073131156383086,7146092229,train
3587746055875086902,65321132509,train
2545071767521626734,45057635577,train
2594528626222717746,8622069267,train
2780165001665374001,52137720888,train
3591888126580899567,3102909603,train
3612953883664586037,5937917849,calibration
3615602641207510157,325097517,calibration
3709323270136377350,7944494245,test
3651081298685111446,1523117005,calibration
3574360080109825379,5447601,train
3622212412392992875,53195923442,calibration
3621112152721234052,72042601184,train
3612720841918817127,2951008686,train
3576514121258904233,5398195157,calibration
3475572133486883821,60206971339,train
3631552600505640580,565333896,train
3635958900658886700,5003649100,train
2559310534278073970,41164193943,test
3612832727714194036,1421289441,test
3361541592610220515,40341496472,train
3481009318244853672,50001358732,train
3424858236611297690,21951215878,calibration
3647541924517955211,1340383770,train
2793054586817348927,33051841388,calibration
3746795582963582531,5466208689,calibration
3728342894802740339,1990009489,train
3637540657155090971,4541476832,test
2937008926869144542,2151393811,train
3642314018937989836,5888594870,train
3605610171287583790,14002243506,train
3203115773644498731,54735237671,train
1554400241923143309,439990434,train
3561433543789260532,1355222171,test
3589161051942836180,44922525369,calibration
3405265571410471470,64388591795,test
3195731903662925816,28831420683,test
3627269836526767162,44951199947,train
3621604251248700918,1561310737,train
3606775599257627217,8477557395,train
3437821460782099551,512146184,calibration
3075589335303532072,5641469769,train
3436342994427021744,211322151,calibration
3732022811163743995,58749634037,train
3562966882145942648,58381260494,calibration
3440497432206150452,35888180586,train
3582446574406460256,4772684909,train
3372890606636069764,7094736745,train
3181544066349322321,29705915512,test
3565397426098963332,3089923105,test
3642937028465213657,504240871,train
3566361002197255925,6027580523,train
3697394676745083909,6067644199,train
2824149648546159691,35878469754,calibration
3422282892916913908,62918917956,train
3653504009986724230,335840304,train
3414661329375840036,6266250298,train
3653837434992774454,182382166,train
3601928276740050630,189319720,train
1718993391944260159,221622900,calibration
3342760028426275405,228016767,train
3538626505047340686,44959778622,calibration
3643993291139344908,29662605789,calibration
3144678698321078540,214661089,train
3421984794940881923,1215284,train
3554110250360130850,3483454339,calibration
2467014750758721354,5406233075,train
3372590703082863550,50772063455,calibration
810953352072050838,283362733,train
3594548325669789961,5854766592,train
2389433180976737993,35932074168,train
3739045021967519949,52815261097,train
2965024271027752874,8899077065,train
3661828134572365212,246241184,test
3596470153155446028,10140526849,train
3676494338403339461,3693689660,calibration
2458139256676577018,6347742722,test
3644015034432597828,4352837720,train
3374214230604408339,46023053283,train
3645403508251294266,4181404805,train
3646711084978841758,4629926292,train
3439532080097722194,9688585329,calibration
3609804903750959130,1611058253,train
3640400321104199756,650813885,train
2975407042980688653,6113310301,test
2316986291470146176,27370464303,test
3622674936480475181,6654325224,train
3648399602795098723,5322657224,train
3654622478820232562,36771451756,train
3649743688399666360,244740543,train
3497154285069593463,351980676,test
3598024827727344464,7590012698,train
2498223150060391845,22499047536,train
3607105890470365797,1012663365,train
3633157377143436560,2182068,train
3437231860567785879,64536381268,train
3210646017450366253,7327794192,test
3232946865696015304,8539580996,train
3724315909491027492,726853511,train
1446016401193555428,3018582092,calibration
1532122363730495404,245426213,train
3680668805527200314,3555963819,calibration
2494386762497349113,1691763161,test
3410830327087651254,43707625,calibration
3721117082835591813,51883757642,train
3602903521588165505,11841222961,test
3727182997520215254,4185449693,train
1211945264559437348,43329620,test
3381008176319272204,4561246310,calibration
3594069932779020834,15045713,train
3519424624386119484,8178498518,train
3650591614168658006,5756382282,train
3553905390016267200,8295198511,train
3709852495376360373,3289805154,train
3642489260799657293,25228298085,test
3361308732074317382,253491347,test
3409548792112738250,51428617517,train
3653794990044486115,447416451,train
3080161373982915737,51601608877,train
3601310097460988994,3079498032,calibration
3705563542433711755,235069696,test
3720838894138341316,17905688888,train
3622418238532868525,1490555890,train
2544962163474058501,1757055535,calibration
3594034165592657396,38249353,train
3634530721810102645,58570275973,train
3466422524903168418,32699999564,train
3540946050225505400,7816780411,train
3068669746735180404,35541288133,train
3645597295488162387,13076173534,train
3634286529372107861,72121753179,train
2699520255988924047,661115947,calibration
3615068414250788245,71192550631,train
3558979145478161369,784100,calibration
3480677412948461156,3406492251,calibration
2796719141744347112,3577733371,test
3615800757219077011,26340038867,train
3214351313277296941,7291877170,train
3328418226487483160,21835852,train
3525916087793187987,64378157088,test
3579653966704973142,1529298568,test
3640833936055541065,1423836113,train
3421912372179872678,65341416270,calibration
3596098608714842323,7306511654,test
3631760273975723669,46755592,train
3748237300405818676,58257854845,train
3659365021880838106,2348728697,train
3607181350790413605,2087560514,train
3084503894685119775,2968960094,calibration
3728723046879706176,5316115030,train
3724638659036650170,67445450160,train
3581611647098661573,6677751157,calibration
3466520240173566785,6857943060,calibration
3635351231422122587,2334566437,test
3408471944474467196,11368525169,test
3634826324075243243,285217648,train
3640634112917782007,9477559966,test
3661832437272497783,21526246901,test
3622221414568968314,55099783363,test
3575111199744712241,517044223,train
3646110661612757573,3817347869,train
3654768915947864193,8083600661,test
3276115430600841524,6905989151,test
3744791089984531710,52885004,train
3450597394536149590,650937663,train
3608918873013208816,6977177818,calibration
3477973223813153036,781128793,train
3622093463532797190,6135020556,train
3588663897113249642,574371923,train
3624836812423754292,4962091165,train
3630839079424475032,3269095152,train
3604303351829372228,4119520215,train
3183407504403429388,60660282846,train
3605810000104421203,5814368,train
2207734029787323022,5480477021,train
3722617769180764690,16252406921,calibration
3643599496961889858,449184065,calibration
2914195566146146042,8303851538,calibration
3645019724232959463,54439580540,train
3693665242590380275,278129798,train
3476828126560708394,10630354681,train
3686658856996105764,49835337407,calibration
3193922712769790391,7909562522,train
3630393114866585633,4148713772,train
3642055930415503313,49109024403,test
2092078688925686001,4808536441,train
2171140862473766754,2740918105,calibration
3625846444637065837,44138378,train
3685299686717255049,558931203,train
3612012521640748971,2128136998,test
3651463928581810835,1958128679,train
3446456215892520729,5468462617,train
3446994245479618459,52037213544,train
2857098914905431888,214937984,calibration
3161991756044259956,8090959895,test
3633033088927000023,318724788,train
2721436562645284432,14431927973,test
3558980388880558830,51786069355,train
3614043351560693141,5380931623,test
3629681630513691503,2193334755,train
3762638912339083017,215349407,calibration
3774428970851928754,8053248557,train
3490229787052144992,40104086916,test
3710022675897896494,48423942450,test
3609125039167015063,2058420325,test
3112597407841863525,58592508182,test
3239511339542493016,60051213576,train
3591866448428245310,1779187918,train
3614337605995471925,11145039310,calibration
3080132620268256170,10199543070,train
2704695263056959061,38429027577,train
3399994430675771413,63908770880,train
1399464719550887348,3178175346,train
3650171301014136162,249037579,test
2925756606664694776,362259712,test
1695038010423587070,5365037130,calibration
3646705972870167316,5751120139,train
3707496754465780018,61070809873,train
3668568808148557396,2116246292,train
3627501669718929885,27617045301,train
3710606919166917345,264868045,train
3610328861772649321,10710961609,calibration
2013462634830468042,2463208721,test
3732063063655705460,8238928468,train
3568066089207043987,3737302701,train
3760435230688795139,5425225096,calibration
3562117641850477472,2124728260,calibration
3439000065088383359,981869693,train
3665103393318135066,7527428562,train
3658563206441293055,14896856874,test
3648314019893066825,2163995574,calibration
3640537867634962668,1645028078,train
3047501171052875924,4526025,test
3622750422326572226,414010327,train
2879385833676672133,378294665,train
3712120322876405579,3036052091,calibration
3598183552112210538,199677552,train
3666928516365398464,49853011415,train
3645754374060299995,2930925311,train
3459036664778168963,64973448892,calibration
3661935528232657122,2811015113,train
3644637115443701692,55121339047,train
3764930561472002024,3482520309,train
3608893626725186532,2258375603,train
3622148885379739014,372756998,train
2948003555944363394,1466450278,calibration
3485058923084691554,1394847705,test
3583266017750339284,23473573279,train
3288163677021470613,60794092819,train
3430050430694857354,12373768613,test
3604291318853335945,364789590,train
3419657947678113384,54344054841,train
3673546240950246111,57014126773,train
3692389966509994419,2364108597,train
3432265633973137103,2756634555,test
3611441021814406497,1134998136,calibration
3608497783876999815,30555363859,test
3374730951424856664,9234003006,calibration
3662682079280750768,3197185496,calibration
3661507840597749886,9059509056,train
1946130864677213491,9490767269,train
3659796933850315046,5861632657,train
3193274128106595140,6845831374,calibration
3717221648731763260,67474735911,train
3580902004114683457,30606288,train
3565367370405394290,47523401972,train
2684348193961016772,1434155983,calibration
3229257113048738765,187249022,calibration
3612626327606242315,519068276,train
3648458946551186291,3138909895,test
3663096053860732359,74887525009,train
3625876905581915724,1736464812,train
2467895812378900245,14739527976,train
3635024067657170351,1166559105,test
3463467885919959910,30314561774,train
3654182122407705420,1202584192,train
3596902390603095873,336090766,calibration
3400573911639571942,2269613482,train
3657880194947915418,7491232921,train
3729156337767149051,1418270266,test
3658407632106318196,1344472141,train
3405727392491821900,2241123042,train
3635266837494685328,1726141555,train
3464764709636849252,1827564336,train
3625724081766136922,184666985,calibration
3728666296905185851,7643440448,train
3375560249385009012,32015091797,train
2980981023915880264,43550192,calibration
3707060396055630326,302124764,train
1733523600761086000,2497420799,test
1656279065936927208,1446125613,train
3438138822557450296,2545368106,train
3637081388157261840,1506873491,train
3681264664174204478,25476544137,calibration
2859665573153617463,47880272433,test
3486541663401245336,2875881468,train
3638912406161924559,4146112251,train
3469690682168664930,51151099337,train
3659743259618595740,249252123,calibration
3283792321207615327,218592629,train
3519124418847505160,1434581312,test
3589782394702466512,237744639,train
3609377135179607050,43513606,calibration
3380154233909749655,29900708,train
3656122965852693557,29896410197,train
3126247110605361601,1694553763,calibration
3660622557754002044,2070238946,train
3207078322773051150,60056932729,train
3602005218212593094,12626913293,train
3618533857429346687,6904477356,calibration
3680635449888207182,5883367461,train
3655103147961501081,8370012095,test
3403923425594887467,1652817506,train
3647621460736853405,4795387285,train
3487409689973738548,6037816564,calibration
3661848146092885731,1835548032,train
3606445836439983047,1278026351,train
3240868471662575543,12152854022,train
3627853199853244401,8399435403,calibration
2507908427393991429,1471086361,calibration
3703869331863706649,49887228303,test
3663725783841281016,177425477,train
3601755206201327280,37268743850,test
3605473878723898605,5936784035,train
3174602430989783536,2259452251,train
3349069929473601439,3322518332,train
1764458712694621722,469162134,calibration
3636336737210767651,3039293386,calibration
2973697204163349888,51185869651,train
2651107823973553279,3159629047,train
3665095381701319056,7419296,train
3565364813170958156,1592458559,train
3387131605708172446,61345945082,test
3376554277534936928,3242158044,train
3642091529422505513,1014187847,train
3437897873978107124,493008855,test
1156357760960143280,295324838,train
3647631441760817980,36590084584,train
3655607955039629214,1475926567,calibration
3624365372897449131,270962424,test
3175323344890702751,50036694641,train
3625444675915857985,3168313953,train
3692728819232304805,13701232969,test
3379134260119049483,5715618900,train
3655466434239761054,6888551544,calibration
2223947442110615616,27313354170,train
3739019310322087031,49261846732,calibration
3443945852402665447,9072108636,train
3591049601439869070,7354330367,calibration
3651018990067677424,10199966,train
2712845765971836485,652067319,train
1494852085157917053,1500416956,train
2282471385431153545,2692095564,train
3699376113140225518,33440369495,train
3289552780752168215,2216012863,train
3602403178307170383,5884684110,test
3646018314910134970,4677274974,train
3554522153568872526,70109478926,test
3693280006914847493,1589945543,train
2364562355193835186,34618415292,train
2943644003229778003,2010044765,train
2752232790461602810,3651133774,train
3617125720245951693,233836067,train
3381707113082720768,6737259207,train
2049920342399680766,4944971331,test
3589538964521230551,302418715,train
3646161619467365440,6609413,train
3675724288285306992,554121161,calibration
3611350141485347017,4022687555,train
3620840198587234292,4575084205,train
2685091434530627539,33290551715,test
3624418734870025311,2978598611,train
3609174736907256933,57603861875,train
3593369136875276129,279297873,train
3622104505275346049,645751613,train
3587545778437391762,4818934400,train
2531432943451088693,4929599087,calibration
3725822290241189018,241239051,calibration
3557650996316120802,1550798758,train
3435095844773609106,678619182,train
